id;csoport;suly_g;impedancia_ohm
A01;A-csoport;1825;516
A02;A-csoport;1826;498
A03;A-csoport;1786;500
A04;A-csoport;1904;514
A05;A-csoport;1900;510
A06;A-csoport;1862;509
A07;A-csoport;1743;523
A08;A-csoport;1869;515
A09;A-csoport;1741;466
A10;A-csoport;1788;494
A11;A-csoport;1857;503
A12;A-csoport;1870;490
A13;A-csoport;1857;513
A14;A-csoport;1801;542
A15;A-csoport;1872;531
A16;A-csoport;1804;488
A17;A-csoport;1820;502
A18;A-csoport;1876;510
B01;B-csoport;1678;518
B02;B-csoport;1673;566
B03;B-csoport;1652;545
B04;B-csoport;1743;507
B05;B-csoport;1715;568
B06;B-csoport;1562;532
B07;B-csoport;1704;522
B08;B-csoport;1748;538
B09;B-csoport;1603;558
B10;B-csoport;1761;560
B11;B-csoport;1818;547
B12;B-csoport;1720;511
B13;B-csoport;1757;526
B14;B-csoport;1678;512
B15;B-csoport;1640;528
B16;B-csoport;1807;495
B17;B-csoport;1604;545
B18;B-csoport;1818;552
